{"cameraMode":{"drawMode":0,"name":"Shaded","section":"Shading Mode"},"sceneLighting":true,"audioPlay":false,"sceneViewState":{"m_AlwaysRefresh":false,"showFog":true,"showSkybox":true,"showFlares":true,"showImageEffects":true,"showParticleSystems":true,"showVisualEffectGraphs":true,"m_FxEnabled":true},"in2DMode":false,"pivot":{"x":3.6001083850860597,"y":0.1242406964302063,"z":41.30022430419922},"rotation":{"x":0.08569922298192978,"y":-0.0074793510138988499,"z":0.00064132857369259,"w":0.9962649345397949},"size":25.862430572509767,"orthographic":false}